{
	"format_version": "1.8.0",
	"animations": {
		"sword_slash_1": {
			"animation_length": 0.5417,
			"bones": {
				"head": {
					"rotation": {
						"0.0": {
							"vector": [0, 0, 0]
						},
						"0.0417": {
							"vector": [0, 0, -3.75]
						},
						"0.0833": {
							"vector": [5, 0, -5]
						},
						"0.1667": {
							"vector": [4.02042, -1.2022, -3.30443]
						},
						"0.2083": {
							"vector": [4.02042, -1.2022, -3.30443]
						},
						"0.3333": {
							"vector": [25.95916, -12.75757, -1.56895]
						},
						"0.5": {
							"vector": [36.15672, -15.12761, -2.3887],
							"easing": "easeInSine"
						}
					}
				},
				"body": {
					"rotation": {
						"0.0": {
							"vector": [0, 0, 0]
						},
						"0.0833": {
							"vector": [21.30558, -0.21263, -4.35405],
							"easing": "linear"
						},
						"0.375": {
							"vector": [27.72418, -25.58922, -3.31435],
							"easing": "easeOutQuint"
						},
						"0.5": {
							"vector": [32.72418, -25.58922, -3.31435],
							"easing": "linear"
						}
					},
					"position": {
						"0.0": {
							"vector": [0, 0, 0]
						},
						"0.0833": {
							"vector": [-0.1, -1, -6.5]
						},
						"0.2083": {
							"vector": [0.35, -1.3, -9.32]
						},
						"0.5": {
							"vector": [1.4, -2, -10.9],
							"easing": "linear"
						}
					}
				},
				"right_arm": {
					"rotation": {
						"0.0": {
							"vector": [0, 0, 0]
						},
						"0.0417": {
							"vector": [-70, 0, 0],
							"easing": "easeInBack"
						},
						"0.125": {
							"vector": [-205, 39.95432, -30.55114],
							"easing": "easeInOutBack",
							"easingArgs": [1]
						},
						"0.4167": {
							"vector": [20.66125, -6.46381, -55.66816],
							"easing": "easeInOutBack",
							"easingArgs": [0]
						},
						"0.5": {
							"vector": [38.16125, -6.46381, -55.66816],
							"easing": "easeOutBack"
						}
					}
				},
				"left_arm": {
					"rotation": {
						"0.0": {
							"vector": [0, 0, 0]
						},
						"0.0833": {
							"vector": [-37.2086, 0.56592, -0.26636]
						},
						"0.1667": {
							"vector": [-72.83761, 9.05478, -4.26175],
							"easing": "linear"
						},
						"0.3333": {
							"vector": [-94.16648, -0.18002, 4.72877],
							"easing": "easeInOutBack",
							"easingArgs": [2]
						},
						"0.5": {
							"vector": [-66.23944, -29.41699, -8.20464]
						}
					}
				},
				"right_leg": {
					"rotation": {
						"0.0": {
							"vector": [0, 0, 0]
						},
						"0.0417": {
							"vector": [4.88977, 21.52744, 4.11507]
						},
						"0.2083": {
							"vector": [24.68057, 29.58845, 17.65056]
						},
						"0.3333": {
							"vector": [33.48634, 35.77909, 28.82037]
						},
						"0.4583": {
							"vector": [36.00135, 36.11835, 28.45486]
						},
						"0.5": {
							"vector": [37.42433, 34.62357, 30.91261]
						}
					}
				},
				"left_leg": {
					"rotation": {
						"0.0": {
							"vector": [0, 0, 0]
						},
						"0.0833": {
							"vector": [-29.90426, -13.48015, -10.81811]
						},
						"0.2083": {
							"vector": [-12.80344, -24.1603, 6.08079]
						},
						"0.3333": {
							"vector": [-12.80344, -24.1603, 6.08079]
						},
						"0.5": {
							"vector": [-10.30344, -24.1603, 6.08079]
						}
					}
				}
			}
		},
		"sword_slash_2": {
			"animation_length": 0.5417,
			"bones": {
				"head": {
					"rotation": {
						"0.0": {
							"vector": [0, 0, 0]
						},
						"0.0417": {
							"vector": [0, 0, -3.75]
						},
						"0.0833": {
							"vector": [5, 0, -5]
						},
						"0.1667": {
							"vector": [4.02042, -1.2022, -3.30443]
						},
						"0.2083": {
							"vector": [4.02042, -1.2022, -3.30443]
						},
						"0.3333": {
							"vector": [25.95916, -12.75757, -1.56895]
						},
						"0.5": {
							"vector": [36.15672, -15.12761, -2.3887],
							"easing": "easeInSine"
						}
					}
				},
				"body": {
					"rotation": {
						"0.0": {
							"vector": [0, 0, 0]
						},
						"0.0833": {
							"vector": [21.30558, -0.21263, -4.35405],
							"easing": "linear"
						},
						"0.375": {
							"vector": [27.72418, -25.58922, -3.31435],
							"easing": "easeOutQuint"
						},
						"0.5": {
							"vector": [32.72418, -25.58922, -3.31435],
							"easing": "linear"
						}
					},
					"position": {
						"0.0": {
							"vector": [0, 0, 0]
						},
						"0.0833": {
							"vector": [-0.1, -1, -6.5]
						},
						"0.2083": {
							"vector": [0.35, -1.3, -9.32]
						},
						"0.5": {
							"vector": [1.4, -2, -10.9],
							"easing": "linear"
						}
					}
				},
				"right_arm": {
					"rotation": {
						"0.0": {
							"vector": [0, 0, 0]
						},
						"0.0417": {
							"vector": [-70, 0, 0],
							"easing": "easeInBack"
						},
						"0.125": {
							"vector": [-205, 39.95432, -30.55114],
							"easing": "easeInOutBack",
							"easingArgs": [1]
						},
						"0.4167": {
							"vector": [20.66125, -6.46381, -55.66816],
							"easing": "easeInOutBack",
							"easingArgs": [0]
						},
						"0.5": {
							"vector": [38.16125, -6.46381, -55.66816],
							"easing": "easeOutBack"
						}
					},
					"position": {
						"0.0": {
							"vector": [0, 0, 0]
						},
						"0.0417": {
							"vector": [0, 0.02, -3]
						},
						"0.125": {
							"vector": [0.01, 0.99, -7.03],
							"easing": "easeInOutBack",
							"easingArgs": [1]
						},
						"0.4167": {
							"vector": [4, -1.3, -15.7],
							"easing": "easeInOutBack",
							"easingArgs": [0]
						},
						"0.5": {
							"vector": [4.6, -2.3, -15.46]
						}
					}
				},
				"left_arm": {
					"rotation": {
						"0.0": {
							"vector": [0, 0, 0]
						},
						"0.0833": {
							"vector": [-37.2086, 0.56592, -0.26636]
						},
						"0.1667": {
							"vector": [-72.83761, 9.05478, -4.26175],
							"easing": "linear"
						},
						"0.3333": {
							"vector": [-94.16648, -0.18002, 4.72877],
							"easing": "easeInOutBack",
							"easingArgs": [2]
						},
						"0.5": {
							"vector": [-66.23944, -29.41699, -8.20464]
						}
					},
					"position": {
						"0.0": {
							"vector": [0, 0, 0]
						},
						"0.0833": {
							"vector": [0.17, -0.33, -6.33],
							"easing": "linear"
						},
						"0.1667": {
							"vector": [0.5, 0.6, -6],
							"easing": "linear"
						},
						"0.25": {
							"vector": [1, 0, -5.2]
						},
						"0.3333": {
							"vector": [0.5, 0, -5.2]
						},
						"0.5": {
							"vector": [-0.1, -1.5, -7]
						}
					}
				},
				"right_leg": {
					"rotation": {
						"0.0": {
							"vector": [0, 0, 0]
						},
						"0.0417": {
							"vector": [4.88977, 21.52744, 4.11507]
						},
						"0.2083": {
							"vector": [24.68057, 29.58845, 17.65056]
						},
						"0.3333": {
							"vector": [33.48634, 35.77909, 28.82037]
						},
						"0.4583": {
							"vector": [36.00135, 36.11835, 28.45486]
						},
						"0.5": {
							"vector": [37.42433, 34.62357, 30.91261]
						}
					},
					"position": {
						"0.0": {
							"vector": [0, 0, 0]
						},
						"0.0417": {
							"vector": [0.33, 0, -1.1],
							"easing": "linear"
						},
						"0.2083": {
							"vector": [-0.27, 0, -4.6],
							"easing": "linear"
						},
						"0.3333": {
							"vector": [0.03, -0.3, -5.07]
						},
						"0.5": {
							"vector": [-0.77, 0, -5.77]
						}
					}
				},
				"left_leg": {
					"rotation": {
						"0.0": {
							"vector": [0, 0, 0]
						},
						"0.0833": {
							"vector": [-29.90426, -13.48015, -10.81811]
						},
						"0.2083": {
							"vector": [-12.80344, -24.1603, 6.08079]
						},
						"0.3333": {
							"vector": [-12.80344, -24.1603, 6.08079]
						},
						"0.5": {
							"vector": [-10.30344, -24.1603, 6.08079]
						}
					},
					"position": {
						"0.0": {
							"vector": [0, 0, 0]
						},
						"0.0833": {
							"vector": [1, 2, -6]
						},
						"0.2083": {
							"vector": [1.8, -0.1, -6.7]
						},
						"0.5": {
							"vector": [1.7, 0, -6.9],